--
-- PostgreSQL database dump
--

-- Dumped from database version 9.6.6
-- Dumped by pg_dump version 10.2

SET statement_timeout = 0;
SET lock_timeout = 0;
SET idle_in_transaction_session_timeout = 0;
SET client_encoding = 'UTF8';
SET standard_conforming_strings = on;
SET check_function_bodies = false;
SET client_min_messages = warning;
SET row_security = off;

--
-- Name: plpgsql; Type: EXTENSION; Schema: -; Owner: 
--

CREATE EXTENSION IF NOT EXISTS plpgsql WITH SCHEMA pg_catalog;


--
-- Name: EXTENSION plpgsql; Type: COMMENT; Schema: -; Owner: 
--

COMMENT ON EXTENSION plpgsql IS 'PL/pgSQL procedural language';


--
-- Name: pgcrypto; Type: EXTENSION; Schema: -; Owner: 
--

CREATE EXTENSION IF NOT EXISTS pgcrypto WITH SCHEMA public;


--
-- Name: EXTENSION pgcrypto; Type: COMMENT; Schema: -; Owner: 
--

COMMENT ON EXTENSION pgcrypto IS 'cryptographic functions';


SET search_path = public, pg_catalog;

SET default_tablespace = '';

SET default_with_oids = false;

--
-- Name: matches; Type: TABLE; Schema: public; Owner: rklvuyqrechuta
--

CREATE TABLE matches (
    id integer NOT NULL,
    b1_id integer,
    b2_id integer,
    b3_id integer,
    b4_id integer,
    b5_id integer,
    b6_id integer,
    r1_id integer,
    r2_id integer,
    r3_id integer,
    r4_id integer,
    r5_id integer,
    r6_id integer,
    r_score integer NOT NULL,
    b_score integer NOT NULL,
    duration interval NOT NULL,
    validated_by integer,
    datetime timestamp with time zone NOT NULL
);


ALTER TABLE matches OWNER TO rklvuyqrechuta;

--
-- Name: matches_id_seq; Type: SEQUENCE; Schema: public; Owner: rklvuyqrechuta
--

CREATE SEQUENCE matches_id_seq
    START WITH 1
    INCREMENT BY 1
    NO MINVALUE
    NO MAXVALUE
    CACHE 1;


ALTER TABLE matches_id_seq OWNER TO rklvuyqrechuta;

--
-- Name: matches_id_seq; Type: SEQUENCE OWNED BY; Schema: public; Owner: rklvuyqrechuta
--

ALTER SEQUENCE matches_id_seq OWNED BY matches.id;


--
-- Name: matches_pending; Type: TABLE; Schema: public; Owner: rklvuyqrechuta
--

CREATE TABLE matches_pending (
    id integer NOT NULL,
    b1_pseudo character varying(50) NOT NULL,
    b2_pseudo character varying(50),
    b3_pseudo character varying(50),
    b4_pseudo character varying(50),
    b5_pseudo character varying(50),
    b6_pseudo character varying(50),
    r1_pseudo character varying(50) NOT NULL,
    r2_pseudo character varying(50),
    r3_pseudo character varying(50),
    r4_pseudo character varying(50),
    r5_pseudo character varying(50),
    r6_pseudo character varying(50),
    r_score integer NOT NULL,
    b_score integer NOT NULL,
    duration interval NOT NULL,
    datetime timestamp with time zone NOT NULL
);


ALTER TABLE matches_pending OWNER TO rklvuyqrechuta;

--
-- Name: matches_pending_id_seq; Type: SEQUENCE; Schema: public; Owner: rklvuyqrechuta
--

CREATE SEQUENCE matches_pending_id_seq
    START WITH 1
    INCREMENT BY 1
    NO MINVALUE
    NO MAXVALUE
    CACHE 1;


ALTER TABLE matches_pending_id_seq OWNER TO rklvuyqrechuta;

--
-- Name: matches_pending_id_seq; Type: SEQUENCE OWNED BY; Schema: public; Owner: rklvuyqrechuta
--

ALTER SEQUENCE matches_pending_id_seq OWNED BY matches_pending.id;


--
-- Name: musigma_team; Type: TABLE; Schema: public; Owner: rklvuyqrechuta
--

CREATE TABLE musigma_team (
    id integer NOT NULL,
    user_id integer,
    season_id integer,
    match_id integer,
    exposition numeric NOT NULL,
    mu numeric NOT NULL,
    sigma numeric NOT NULL
);


ALTER TABLE musigma_team OWNER TO rklvuyqrechuta;

--
-- Name: musigma_team_id_seq; Type: SEQUENCE; Schema: public; Owner: rklvuyqrechuta
--

CREATE SEQUENCE musigma_team_id_seq
    START WITH 1
    INCREMENT BY 1
    NO MINVALUE
    NO MAXVALUE
    CACHE 1;


ALTER TABLE musigma_team_id_seq OWNER TO rklvuyqrechuta;

--
-- Name: musigma_team_id_seq; Type: SEQUENCE OWNED BY; Schema: public; Owner: rklvuyqrechuta
--

ALTER SEQUENCE musigma_team_id_seq OWNED BY musigma_team.id;


--
-- Name: seasons; Type: TABLE; Schema: public; Owner: rklvuyqrechuta
--

CREATE TABLE seasons (
    id integer NOT NULL,
    name character varying(50) NOT NULL,
    start_time timestamp with time zone DEFAULT now() NOT NULL,
    end_time timestamp with time zone,
    max_time interval,
    max_matches integer,
    running boolean DEFAULT true,
    played_matches integer DEFAULT 0
);


ALTER TABLE seasons OWNER TO rklvuyqrechuta;

--
-- Name: seasons_id_seq; Type: SEQUENCE; Schema: public; Owner: rklvuyqrechuta
--

CREATE SEQUENCE seasons_id_seq
    START WITH 1
    INCREMENT BY 1
    NO MINVALUE
    NO MAXVALUE
    CACHE 1;


ALTER TABLE seasons_id_seq OWNER TO rklvuyqrechuta;

--
-- Name: seasons_id_seq; Type: SEQUENCE OWNED BY; Schema: public; Owner: rklvuyqrechuta
--

ALTER SEQUENCE seasons_id_seq OWNED BY seasons.id;


--
-- Name: seasons_matches; Type: TABLE; Schema: public; Owner: rklvuyqrechuta
--

CREATE TABLE seasons_matches (
    id integer NOT NULL,
    season_id integer,
    match_id integer
);


ALTER TABLE seasons_matches OWNER TO rklvuyqrechuta;

--
-- Name: seasons_matches_id_seq; Type: SEQUENCE; Schema: public; Owner: rklvuyqrechuta
--

CREATE SEQUENCE seasons_matches_id_seq
    START WITH 1
    INCREMENT BY 1
    NO MINVALUE
    NO MAXVALUE
    CACHE 1;


ALTER TABLE seasons_matches_id_seq OWNER TO rklvuyqrechuta;

--
-- Name: seasons_matches_id_seq; Type: SEQUENCE OWNED BY; Schema: public; Owner: rklvuyqrechuta
--

ALTER SEQUENCE seasons_matches_id_seq OWNED BY seasons_matches.id;


--
-- Name: statistics; Type: TABLE; Schema: public; Owner: rklvuyqrechuta
--

CREATE TABLE statistics (
    id integer NOT NULL,
    match_id integer,
    user_id integer,
    score integer,
    tags integer,
    popped integer,
    grabs integer,
    drops integer,
    hold interval,
    captures integer,
    prevent interval,
    returns integer,
    support integer,
    pups integer
);


ALTER TABLE statistics OWNER TO rklvuyqrechuta;

--
-- Name: statistics_id_seq; Type: SEQUENCE; Schema: public; Owner: rklvuyqrechuta
--

CREATE SEQUENCE statistics_id_seq
    START WITH 1
    INCREMENT BY 1
    NO MINVALUE
    NO MAXVALUE
    CACHE 1;


ALTER TABLE statistics_id_seq OWNER TO rklvuyqrechuta;

--
-- Name: statistics_id_seq; Type: SEQUENCE OWNED BY; Schema: public; Owner: rklvuyqrechuta
--

ALTER SEQUENCE statistics_id_seq OWNED BY statistics.id;


--
-- Name: statistics_pending; Type: TABLE; Schema: public; Owner: rklvuyqrechuta
--

CREATE TABLE statistics_pending (
    id integer NOT NULL,
    match_id integer,
    user_pseudo character varying(50) NOT NULL,
    score integer,
    tags integer,
    popped integer,
    grabs integer,
    drops integer,
    hold interval,
    captures integer,
    prevent interval,
    returns integer,
    support integer,
    pups integer
);


ALTER TABLE statistics_pending OWNER TO rklvuyqrechuta;

--
-- Name: statistics_pending_id_seq; Type: SEQUENCE; Schema: public; Owner: rklvuyqrechuta
--

CREATE SEQUENCE statistics_pending_id_seq
    START WITH 1
    INCREMENT BY 1
    NO MINVALUE
    NO MAXVALUE
    CACHE 1;


ALTER TABLE statistics_pending_id_seq OWNER TO rklvuyqrechuta;

--
-- Name: statistics_pending_id_seq; Type: SEQUENCE OWNED BY; Schema: public; Owner: rklvuyqrechuta
--

ALTER SEQUENCE statistics_pending_id_seq OWNED BY statistics_pending.id;


--
-- Name: users; Type: TABLE; Schema: public; Owner: rklvuyqrechuta
--

CREATE TABLE users (
    id integer NOT NULL,
    trigram character varying(3),
    pseudo character varying(50),
    is_active boolean DEFAULT true,
    usual_pseudos character varying(50)[],
    is_admin boolean DEFAULT false,
    password text,
    gold_stars integer DEFAULT 0,
    silver_stars integer DEFAULT 0,
    bronze_stars integer DEFAULT 0,
    loser_stars integer DEFAULT 0
);


ALTER TABLE users OWNER TO rklvuyqrechuta;

--
-- Name: users_id_seq; Type: SEQUENCE; Schema: public; Owner: rklvuyqrechuta
--

CREATE SEQUENCE users_id_seq
    START WITH 1
    INCREMENT BY 1
    NO MINVALUE
    NO MAXVALUE
    CACHE 1;


ALTER TABLE users_id_seq OWNER TO rklvuyqrechuta;

--
-- Name: users_id_seq; Type: SEQUENCE OWNED BY; Schema: public; Owner: rklvuyqrechuta
--

ALTER SEQUENCE users_id_seq OWNED BY users.id;


--
-- Name: matches id; Type: DEFAULT; Schema: public; Owner: rklvuyqrechuta
--

ALTER TABLE ONLY matches ALTER COLUMN id SET DEFAULT nextval('matches_id_seq'::regclass);


--
-- Name: matches_pending id; Type: DEFAULT; Schema: public; Owner: rklvuyqrechuta
--

ALTER TABLE ONLY matches_pending ALTER COLUMN id SET DEFAULT nextval('matches_pending_id_seq'::regclass);


--
-- Name: musigma_team id; Type: DEFAULT; Schema: public; Owner: rklvuyqrechuta
--

ALTER TABLE ONLY musigma_team ALTER COLUMN id SET DEFAULT nextval('musigma_team_id_seq'::regclass);


--
-- Name: seasons id; Type: DEFAULT; Schema: public; Owner: rklvuyqrechuta
--

ALTER TABLE ONLY seasons ALTER COLUMN id SET DEFAULT nextval('seasons_id_seq'::regclass);


--
-- Name: seasons_matches id; Type: DEFAULT; Schema: public; Owner: rklvuyqrechuta
--

ALTER TABLE ONLY seasons_matches ALTER COLUMN id SET DEFAULT nextval('seasons_matches_id_seq'::regclass);


--
-- Name: statistics id; Type: DEFAULT; Schema: public; Owner: rklvuyqrechuta
--

ALTER TABLE ONLY statistics ALTER COLUMN id SET DEFAULT nextval('statistics_id_seq'::regclass);


--
-- Name: statistics_pending id; Type: DEFAULT; Schema: public; Owner: rklvuyqrechuta
--

ALTER TABLE ONLY statistics_pending ALTER COLUMN id SET DEFAULT nextval('statistics_pending_id_seq'::regclass);


--
-- Name: users id; Type: DEFAULT; Schema: public; Owner: rklvuyqrechuta
--

ALTER TABLE ONLY users ALTER COLUMN id SET DEFAULT nextval('users_id_seq'::regclass);


--
-- Data for Name: matches; Type: TABLE DATA; Schema: public; Owner: rklvuyqrechuta
--

COPY matches (id, b1_id, b2_id, b3_id, b4_id, b5_id, b6_id, r1_id, r2_id, r3_id, r4_id, r5_id, r6_id, r_score, b_score, duration, validated_by, datetime) FROM stdin;
1	3	8	1	9	\N	\N	12	13	14	5	\N	\N	1	3	00:10:00	1	2018-03-15 14:45:06.551+00
2	12	4	5	9	8	\N	3	13	14	11	1	\N	2	1	00:10:00	1	2018-03-15 14:57:23.588+00
3	1	5	8	11	\N	\N	14	13	3	12	\N	\N	4	5	00:06:16.5	1	2018-03-15 15:06:27.18+00
4	5	14	13	20	\N	\N	11	1	8	4	\N	\N	2	5	00:03:49.5	1	2018-03-15 16:08:41.625+00
5	5	13	14	12	\N	\N	8	1	3	4	\N	\N	4	2	00:10:00	1	2018-03-16 10:27:56.176+00
6	8	3	4	1	\N	\N	13	5	12	14	\N	\N	5	1	00:06:39.5	1	2018-03-16 10:38:30.462+00
7	14	5	13	12	\N	\N	1	3	4	8	\N	\N	5	1	00:05:34.5	1	2018-03-16 10:45:33.924+00
8	13	21	3	1	\N	\N	4	8	20	7	\N	\N	3	3	00:10:00	1	2018-03-16 15:21:49.046+00
9	4	13	14	12	\N	\N	3	8	6	1	\N	\N	2	4	00:10:00	1	2018-03-26 13:15:37.914+00
10	1	3	6	12	\N	\N	11	14	4	13	\N	\N	2	2	00:10:00	1	2018-03-27 09:31:19.262+00
11	6	1	3	12	\N	\N	8	10	4	14	\N	\N	2	5	00:06:15.5	1	2018-03-27 09:41:54.966+00
12	7	11	12	6	\N	\N	4	8	1	14	\N	\N	5	0	00:07:05.5	1	2018-03-27 14:11:11.109+00
13	8	12	7	14	6	\N	1	3	11	4	5	\N	4	4	00:10:00	1	2018-03-27 14:24:03.262+00
14	13	1	14	3	\N	\N	18	11	4	8	\N	\N	2	5	00:08:43.5	1	2018-03-27 14:39:17.787+00
15	11	3	8	5	\N	\N	6	4	18	1	\N	\N	5	1	00:05:58.5	1	2018-03-27 15:45:04.296+00
16	4	8	1	18	\N	\N	6	11	5	3	\N	\N	0	5	00:06:19.5	1	2018-03-27 15:54:01.225+00
17	4	8	11	6	\N	\N	1	3	13	5	\N	\N	0	2	00:10:00	1	2018-03-28 09:33:58.516+00
18	6	14	1	4	\N	\N	11	3	13	8	\N	\N	3	3	00:10:00	1	2018-03-28 09:48:21.426+00
19	14	4	11	13	\N	\N	3	18	12	7	\N	\N	4	3	00:10:00	1	2018-03-28 14:20:38.504+00
20	4	1	14	13	\N	\N	12	3	5	11	\N	\N	2	3	00:10:00	1	2018-03-28 15:38:33.116+00
21	14	3	13	1	\N	\N	12	5	11	\N	\N	\N	1	5	00:03:14	1	2018-03-28 15:43:59.168+00
22	13	7	6	8	\N	\N	14	4	12	11	\N	\N	3	2	00:10:00	1	2018-03-29 09:46:29.967+00
\.


--
-- Data for Name: matches_pending; Type: TABLE DATA; Schema: public; Owner: rklvuyqrechuta
--

COPY matches_pending (id, b1_pseudo, b2_pseudo, b3_pseudo, b4_pseudo, b5_pseudo, b6_pseudo, r1_pseudo, r2_pseudo, r3_pseudo, r4_pseudo, r5_pseudo, r6_pseudo, r_score, b_score, duration, datetime) FROM stdin;
\.


--
-- Data for Name: musigma_team; Type: TABLE DATA; Schema: public; Owner: rklvuyqrechuta
--

COPY musigma_team (id, user_id, season_id, match_id, exposition, mu, sigma) FROM stdin;
1	12	\N	1	-1.374650982027741719093683059327304363250732421875	22.802084153504239338872139342129230499267578125	8.058911711843993685988607467152178287506103515625
2	13	\N	1	-1.374650982027741719093683059327304363250732421875	22.802084153504239338872139342129230499267578125	8.058911711843993685988607467152178287506103515625
3	14	\N	1	-1.374650982027741719093683059327304363250732421875	22.802084153504239338872139342129230499267578125	8.058911711843993685988607467152178287506103515625
4	5	\N	1	-1.374650982027741719093683059327304363250732421875	22.802084153504239338872139342129230499267578125	8.058911711843993685988607467152178287506103515625
5	3	\N	1	3.02118071096376894502100185491144657135009765625	27.197915846495750002986824256367981433868408203125	8.058911711843993685988607467152178287506103515625
6	8	\N	1	3.02118071096376894502100185491144657135009765625	27.197915846495750002986824256367981433868408203125	8.058911711843993685988607467152178287506103515625
7	1	\N	1	3.02118071096376894502100185491144657135009765625	27.197915846495750002986824256367981433868408203125	8.058911711843993685988607467152178287506103515625
8	9	\N	1	3.02118071096376894502100185491144657135009765625	27.197915846495750002986824256367981433868408203125	8.058911711843993685988607467152178287506103515625
9	3	\N	2	5.519835189240541950539409299381077289581298828125	29.07755220766714643332306877709925174713134765625	7.85257233947553512365402639261446893215179443359375
10	13	\N	2	1.124003496249034839138403185643255710601806640625	24.68172051467563932192206266336143016815185546875	7.85257233947553512365402639261446893215179443359375
11	14	\N	2	1.124003496249034839138403185643255710601806640625	24.68172051467563932192206266336143016815185546875	7.85257233947553512365402639261446893215179443359375
12	11	\N	2	2.695043228551867287023924291133880615234375	27.009812495468199955439558834768831729888916015625	8.104923088972110889471878181211650371551513671875
13	1	\N	2	5.519835189240541950539409299381077289581298828125	29.07755220766714643332306877709925174713134765625	7.85257233947553512365402639261446893215179443359375
14	12	\N	2	-2.635269226093758021534085855819284915924072265625	20.9224477923328464612495736218988895416259765625	7.85257233947553512365402639261446893215179443359375
15	4	\N	2	-1.324581762384536176568872178904712200164794921875	22.99018750453179649184676236473023891448974609375	8.104923088972110889471878181211650371551513671875
16	5	\N	2	-2.635269226093758021534085855819284915924072265625	20.9224477923328464612495736218988895416259765625	7.85257233947553512365402639261446893215179443359375
17	9	\N	2	1.7605624668977526425805990584194660186767578125	25.318279485324357125364258536137640476226806640625	7.85257233947553512365402639261446893215179443359375
18	8	\N	2	1.7605624668977526425805990584194660186767578125	25.318279485324357125364258536137640476226806640625	7.85257233947553512365402639261446893215179443359375
19	14	\N	3	-0.014340799292398287434480153024196624755859375	22.82163865380636735835651052184402942657470703125	7.61199315103292217798980345833115279674530029296875
20	13	\N	3	-0.014340799292398287434480153024196624755859375	22.82163865380636735835651052184402942657470703125	7.61199315103292217798980345833115279674530029296875
21	3	\N	3	4.381490893699112376680204761214554309844970703125	27.217470346797878022471195436082780361175537109375	7.61199315103292217798980345833115279674530029296875
22	12	\N	3	-3.77361352163519114810696919448673725128173828125	19.062365931463574497684021480381488800048828125	7.61199315103292217798980345833115279674530029296875
23	1	\N	3	8.1016546154376527510976302437484264373779296875	30.93763406853641839688862091861665248870849609375	7.61199315103292217798980345833115279674530029296875
24	5	\N	3	-0.053449799896650773689543711952865123748779296875	22.782529653202114872101446962915360927581787109375	7.61199315103292217798980345833115279674530029296875
25	8	\N	3	4.34238189309485989042514120228588581085205078125	27.1783613461936255362161318771541118621826171875	7.61199315103292217798980345833115279674530029296875
26	11	\N	3	5.47115147624237607715258491225540637969970703125	28.9913530445169129734495072625577449798583984375	7.8400671894248450399800276500172913074493408203125
27	11	\N	4	3.151174397411590888395949150435626506805419921875	25.76999501047322382873971946537494659423828125	7.53960687102054460950739667168818414211273193359375
28	1	\N	4	5.888868066599425077356499969027936458587646484375	27.900952949822741544494419940747320652008056640625	7.33736162774110578510544655728153884410858154296875
29	8	\N	4	2.129595344256632216684010927565395832061767578125	24.141680227479948683821930899284780025482177734375	7.33736162774110578510544655728153884410858154296875
30	4	\N	4	-3.769844374324268443388064042665064334869384765625	19.54752801314180032932199537754058837890625	7.77245746248868929484387990669347345829010009765625
31	5	\N	4	3.807125888692464599216691567562520503997802734375	25.819210771915781066354611539281904697418212890625	7.33736162774110578510544655728153884410858154296875
32	14	\N	4	3.84623488929671708547175512649118900299072265625	25.8583197725200335526096750982105731964111328125	7.33736162774110578510544655728153884410858154296875
33	13	\N	4	3.84623488929671708547175512649118900299072265625	25.8583197725200335526096750982105731964111328125	7.33736162774110578510544655728153884410858154296875
34	20	\N	4	4.725002696149498859767845715396106243133544921875	28.63941264099477024274165160022675991058349609375	7.971469981615090460991268628276884555816650390625
35	8	\N	5	4.51117832878501445748042897321283817291259765625	25.876273420113388823438071995042264461517333984375	7.12169836377612508471202090731821954250335693359375
36	1	\N	5	8.2704510511278073181529180146753787994384765625	29.635546142456181684110561036504805088043212890625	7.12169836377612508471202090731821954250335693359375
37	3	\N	5	6.971784128161882421181871904991567134857177734375	29.0843253938709409567309194244444370269775390625	7.370847088569686178516349173150956630706787109375
38	4	\N	5	-1.0526498424834471734357066452503204345703125	21.493911455983603531194603419862687587738037109375	7.51552043282234993881729678832925856113433837890625
39	5	\N	5	2.7195224879539665607808274216949939727783203125	24.084617579282340926738470443524420261383056640625	7.12169836377612508471202090731821954250335693359375
40	13	\N	5	2.758631488558222599749569781124591827392578125	24.123726579886596965707212802954018115997314453125	7.12169836377612508471202090731821954250335693359375
41	14	\N	5	2.758631488558222599749569781124591827392578125	24.123726579886596965707212802954018115997314453125	7.12169836377612508471202090731821954250335693359375
42	12	\N	5	-4.917030381318557630265786428935825824737548828125	17.1955108843905009052832610905170440673828125	7.370847088569686178516349173150956630706787109375
43	13	\N	6	6.39746205902978459789665066637098789215087890625	27.001194884502314863539140787906944751739501953125	6.86791094182417705127363660722039639949798583984375
44	5	\N	6	6.35835305842552855892790830694139003753662109375	26.962085883898058824570398428477346897125244140625	6.86791094182417705127363660722039639949798583984375
45	12	\N	6	-0.98932290698142111295965150929987430572509765625	20.277806223634694759994090418331325054168701171875	7.089043043538705290984580642543733119964599609375
46	14	\N	6	6.397462059029781045182971865870058536529541015625	27.0011948845023113108254619874060153961181640625	6.86791094182417705127363660722039639949798583984375
47	8	\N	6	2.3950722900251406599636538885533809661865234375	22.998805115497670925606144010089337825775146484375	6.86791094182417705127363660722039639949798583984375
48	3	\N	6	4.7349009240106312290663481689989566802978515625	26.002030054626747102020090096630156040191650390625	7.089043043538705290984580642543733119964599609375
49	4	\N	6	-3.360122942312049332258538925088942050933837890625	18.289447067148582704021464451216161251068115234375	7.2165233364868779375456142588518559932708740234375
50	1	\N	6	6.15434501236793352063614293001592159271240234375	26.758077837840463786278633051551878452301025390625	6.86791094182417705127363660722039639949798583984375
51	1	\N	7	8.981633459259594332024789764545857906341552734375	28.920994292434091477161928196437656879425048828125	6.64645361105816601110518604400567710399627685546875
52	3	\N	7	7.770946359097198552490226575173437595367431640625	28.306450581956209333611695910803973674774169921875	6.8451680742863363349215433117933571338653564453125
53	4	\N	7	-0.199677941306646289376658387482166290283203125	20.677480749110475954921639640815556049346923828125	6.95905289680570771082557257614098489284515380859375
54	8	\N	7	5.2223607369167979186386219225823879241943359375	25.16172157009129506377576035447418689727783203125	6.64645361105816601110518604400567710399627685546875
55	14	\N	7	4.8989175967341935802323860116302967071533203125	24.83827842990869072536952444352209568023681640625	6.64645361105816601110518604400567710399627685546875
56	5	\N	7	4.8598085961299375412636436522006988525390625	24.79916942930443468640078208409249782562255859375	6.64645361105816601110518604400567710399627685546875
57	13	\N	7	4.8989175967341935802323860116302967071533203125	24.83827842990869072536952444352209568023681640625	6.64645361105816601110518604400567710399627685546875
58	12	\N	7	-2.562118526553785358146342332474887371063232421875	17.973385696305225422975127003155648708343505859375	6.8451680742863363349215433117933571338653564453125
59	4	\N	8	1.350520515486184791598134324885904788970947265625	21.322280557788449328882052213884890079498291015625	6.6572533474340875869756928295828402042388916015625
60	8	\N	8	6.59751178046466435489492141641676425933837890625	25.749902006674137311392769333906471729278564453125	6.38413007540315735610647607245482504367828369140625
61	20	\N	8	6.942539048409486213131458498537540435791015625	29.4854443533507861729958676733076572418212890625	7.5143017683137660611691899248398840427398681640625
62	7	\N	8	2.496146916031857898587986710481345653533935546875	25.924577431210753530876900185830891132354736328125	7.80947683839296491470349792507477104663848876953125
63	13	\N	8	5.097707767116386179395703948102891445159912109375	24.25009799332585913589355186559259891510009765625	6.38413007540315735610647607245482504367828369140625
64	21	\N	8	0.646992053610357942261543939821422100067138671875	24.075422568789253574550457415170967578887939453125	7.80947683839296491470349792507477104663848876953125
65	3	\N	8	8.0080206813212413408109568990767002105712890625	27.6825793697788782310453825630247592926025390625	6.5581862294858783712925287545658648014068603515625
66	1	\N	8	9.180423629641783378474428900517523288726806640625	28.3328138558512563349722768180072307586669921875	6.38413007540315735610647607245482504367828369140625
67	3	\N	9	5.944595893998350533138363971374928951263427734375	24.955745846750591709906075266189873218536376953125	6.33704998425074705892257043160498142242431640625
68	8	\N	9	4.624734354735178243345217197202146053314208984375	23.1658665777400898377891280688345432281494140625	6.18037740766830356875516372383572161197662353515625
69	6	\N	9	-3.024566198744206957371716271154582500457763671875	20.5974737572194470658359932713210582733154296875	7.874013318654551341069236514158546924591064453125
70	1	\N	9	7.20764620391229726692472468130290508270263671875	25.748778426917208861368635552935302257537841796875	6.18037740766830356875516372383572161197662353515625
71	4	\N	9	4.85473691333658763369385269470512866973876953125	24.132105302996507134594139643013477325439453125	6.42578946321997346302623554947786033153533935546875
72	13	\N	9	8.2930011992549879096259246580302715301513671875	26.834133422259899504069835529662668704986572265625	6.18037740766830356875516372383572161197662353515625
73	14	\N	9	8.390602247211038644536529318429529666900634765625	27.638995514420575005942737334407866001129150390625	6.41613108906984574986154257203452289104461669921875
74	12	\N	9	1.164367966136158116796650574542582035064697265625	20.944050230187787775548713398166000843048095703125	6.59322742135054351564349417458288371562957763671875
75	11	\N	10	3.09548159625427388164098374545574188232421875	24.3936028468349519471303210593760013580322265625	7.09937375019355965122258567134849727153778076171875
76	14	\N	10	8.20013554447401560310026980005204677581787109375	26.642187665495015380656695924699306488037109375	6.14735070700699992585214204154908657073974609375
77	4	\N	10	4.664977050451451390244983485899865627288818359375	23.132294658678677734542361577041447162628173828125	6.15577253607574181870631946367211639881134033203125
78	13	\N	10	8.08741387928632349257895839400589466094970703125	25.9092208573743363331232103519141674041748046875	5.94060232602933790957422388601116836071014404296875
79	1	\N	10	8.851884013714769849912045174278318881988525390625	26.673690991802782690456297132186591625213623046875	5.94060232602933790957422388601116836071014404296875
80	3	\N	10	7.693387212807525799007635214366018772125244140625	25.92813721923585035256110131740570068359375	6.07825000214277455512501546763814985752105712890625
81	6	\N	10	-0.014555802003581419512556749396026134490966796875	22.09865340598627625467997859232127666473388671875	7.37106973599661952079031834728084504604339599609375
82	12	\N	10	3.093170687518068007193505764007568359375	21.996635340337949315880905487574636936187744140625	6.30115488427329406562193980789743363857269287109375
83	8	\N	11	3.59232731437116825645716744475066661834716796875	21.648341016379060164354086737148463726043701171875	6.01867123400263093202511299750767648220062255859375
84	10	\N	11	-1.55331946172892543245325214229524135589599609375	22.241277559186759305021041654981672763824462890625	7.931532340305228245824764599092304706573486328125
85	4	\N	11	3.638778531599026422327369800768792629241943359375	21.6268257795540108645582222379744052886962890625	5.996015749318328147410284145735204219818115234375
86	14	\N	11	7.176061970109831378294984460808336734771728515625	25.140834535258822057812722050584852695465087890625	5.98825752171633052256538576330058276653289794921875
87	6	\N	11	2.97302745488087794001330621540546417236328125	24.2571114811752437390168779529631137847900390625	7.0946946754314552663345239125192165374755859375
88	1	\N	11	10.68409531889259511672207736410200595855712890625	28.075773223304498316110766609199345111846923828125	5.797225968137301066462896415032446384429931640625
89	3	\N	11	9.622337771905318248855110141448676586151123046875	27.39593360989986337017398909665644168853759765625	5.92453194599818200316576621844433248043060302734375
90	12	\N	11	5.185097170373428099310331162996590137481689453125	23.574040782731213283796023461036384105682373046875	6.12964787078592809876909086597152054309844970703125
91	4	\N	12	5.55517382964658423816217691637575626373291015625	23.089852276866395186516456305980682373046875	5.8448928157399375749037062632851302623748779296875
92	8	\N	12	5.52502625280235548643759102560579776763916015625	23.122442127773400244450385798700153827667236328125	5.865805291657014919337598257698118686676025390625
93	1	\N	12	12.46092800671193145944926072843372821807861328125	29.443416926911456954485402093268930912017822265625	5.66082964006650879440485368832014501094818115234375
94	14	\N	12	9.08689301989621611710390425287187099456787109375	26.600078201021094770339914248324930667877197265625	5.837728393708292884412003331817686557769775390625
95	7	\N	12	1.027840303678328126579799572937190532684326171875	23.442952670518511837371988804079592227935791015625	7.4717041222800606448117832769639790058135986328125
96	11	\N	12	1.802453586952605490978385205380618572235107421875	22.34271128519566218528780154883861541748046875	6.846752566081018898103138781152665615081787109375
97	12	\N	12	4.140941349273415283960275701247155666351318359375	22.0450879156334593744759331457316875457763671875	5.96804885545334773411241258145309984683990478515625
98	6	\N	12	1.681181984863673761765312519855797290802001953125	22.208922070830585226985931512899696826934814453125	6.84258002865563685901406643097288906574249267578125
99	1	\N	13	12.401130994817354036285905749537050724029541015625	28.904201027759295783425841364078223705291748046875	5.5010233443139799902610320714302361011505126953125
100	3	\N	13	9.582417764200318543998946552164852619171142578125	26.80532140147452224709923029877245426177978515625	5.74096787909140093830728801549412310123443603515625
101	11	\N	13	1.86942983099885395859018899500370025634765625	21.553956493021640739016220322810113430023193359375	6.56150888734092863074920387589372694492340087890625
102	4	\N	13	5.508795307367297056089228135533630847930908203125	22.515008560319355268575236550532281398773193359375	5.6687377509840199962809492717497050762176513671875
103	5	\N	13	4.898179250160122677471008501015603542327880859375	24.055882260450129450646272744052112102508544921875	6.38590100343000255378456131438724696636199951171875
104	8	\N	13	6.638232159232597240361428703181445598602294921875	23.701405838975016848735322128050029277801513671875	5.6877245599141392773390180082060396671295166015625
105	12	\N	13	5.303359419725520496058379649184644222259521484375	22.644406603295518465301938704214990139007568359375	5.78034906118999902702171311830170452594757080078125
106	7	\N	13	3.084443477008942835482230293564498424530029296875	24.382247138828962107481856946833431720733642578125	7.0992678872733403494521553511731326580047607421875
107	14	\N	13	10.186824403353153201123859616927802562713623046875	27.173513829333518998510044184513390064239501953125	5.66222980866012193246206152252852916717529296875
108	6	\N	13	3.3231171696869949983010883443057537078857421875	22.996715934825214588954622740857303142547607421875	6.55786625504607290082503823214210569858551025390625
109	18	\N	14	-0.4591706231916958813599194400012493133544921875	23.62818706338730834204397979192435741424560546875	8.0291192288596686665869128773920238018035888671875
110	11	\N	14	1.460297777519844686366923269815742969512939453125	20.703422947607389659196996944956481456756591796875	6.41437505669584862033616445842199027538299560546875
111	4	\N	14	5.15694297981249150097937672398984432220458984375	21.88014480468815037284002755768597126007080078125	5.57440060829188599456074371119029819965362548828125
112	8	\N	14	6.285014577183122952419580542482435703277587890625	23.062283069979880423261420219205319881439208984375	5.5924228309322518981616667588241398334503173828125
113	13	\N	14	9.1109590451345496830981574021279811859130859375	26.606425663089350308609937201254069805145263671875	5.83182220598493383789673316641710698604583740234375
114	1	\N	14	13.257282185386461748066722066141664981842041015625	29.502062526554542642998057999648153781890869140625	5.41492678038936059436991854454390704631805419921875
115	14	\N	14	11.102255664489181441467735567130148410797119140625	27.806921037470370805522179580293595790863037109375	5.5682217909937303801370944711379706859588623046875
116	3	\N	14	10.52768434167381172983368742279708385467529296875	27.45646337223784172465457231737673282623291015625	5.64292634352134303554748839815147221088409423828125
117	6	\N	15	5.4540793594528196308601764030754566192626953125	24.5363403441494511980636161752045154571533203125	6.3607536615655444478534263907931745052337646484375
118	4	\N	15	6.63025804865855405978436465375125408172607421875	22.99267793532563786129685468040406703948974609375	5.4541399622223618592897764756344258785247802734375
119	18	\N	15	2.944054666465437009037486859597265720367431640625	25.9360082108189686778132454492151737213134765625	7.66398451478451026019911296316422522068023681640625
120	1	\N	15	14.63736828462466377231976366601884365081787109375	30.551864964233747201660662540234625339508056640625	5.30483222653636143917310619144700467586517333984375
121	11	\N	15	0.54016198348404742546335910446941852569580078125	19.23042700753767775267988326959311962127685546875	6.2300883413512107011911211884580552577972412109375
122	3	\N	15	9.76208058424638380756732658483088016510009765625	26.316415677516094007160063483752310276031494140625	5.518111697756570066530912299640476703643798828125
123	8	\N	15	5.52961993044498711924461531452834606170654296875	21.94254620722851001346498378552496433258056640625	5.47097542559450733534731625695712864398956298828125
124	5	\N	15	3.9836604153306467424044967629015445709228515625	22.59593264509054932887011091224849224090576171875	6.2040907432533014542741511831991374492645263671875
125	6	\N	16	4.805701979854053007557013188488781452178955078125	23.390078254400318513717138557694852352142333984375	6.19479209151542153932723522302694618701934814453125
126	11	\N	16	-0.092054642651806517505974625237286090850830078125	18.13076721776855038115172646939754486083984375	6.07427395347345200349309379816986620426177978515625
127	5	\N	16	3.35469670799975716590779484249651432037353515625	21.50542963117849382115309708751738071441650390625	6.05024430772624555174843408167362213134765625
128	3	\N	16	9.222556148484134297405034885741770267486572265625	25.453690942314846523686355794779956340789794921875	5.41037826461023740876044030301272869110107421875
129	4	\N	16	7.785032615641373610060327337123453617095947265625	23.83551993512356403925878112204372882843017578125	5.350162439827396809732817928306758403778076171875
130	8	\N	16	6.69254412568611911638072342611849308013916015625	22.79059827448666197824422852136194705963134765625	5.36601804960018125001397493178956210613250732421875
131	1	\N	16	15.721363786956427333052488393150269985198974609375	31.3492034083610207062520203180611133575439453125	5.209279873801531124399843974970281124114990234375
132	18	\N	16	5.4857545989856220103320083580911159515380859375	27.600006290016072085791165591217577457427978515625	7.37141723034348306242691251100040972232818603515625
133	1	\N	17	14.16554138532548989815040840767323970794677734375	29.368917994486960054700830369256436824798583984375	5.067792203053823385516807320527732372283935546875
134	3	\N	17	7.56283888550633065506190177984535694122314453125	23.31760087892863708702861913479864597320556640625	5.251587331140768810655572451651096343994140625
135	13	\N	17	7.227871510623952389096302795223891735076904296875	24.124672975965619770022385637275874614715576171875	5.6322671551138885348564144806005060672760009765625
136	5	\N	17	1.353252620018704277526921941898763179779052734375	18.834333687312788896406345884315669536590576171875	5.8270270224313609475075281807221472263336181640625
137	4	\N	17	10.334257211025541067783706239424645900726318359375	25.92433777657839044650245341472327709197998046875	5.196693521850949792906249058432877063751220703125
138	8	\N	17	9.258333458633767776291279005818068981170654296875	24.891812192515089918742887675762176513671875	5.211159577960440714150536223314702510833740234375
139	11	\N	17	3.27808913963630033094887039624154567718505859375	20.82311875055042804660843103192746639251708984375	5.8483432036380431640054666786454617977142333984375
140	6	\N	17	8.32556104478904757115742540918290615081787109375	26.1903058778383837079672957770526409149169921875	5.9549149443497793043889032560400664806365966796875
141	11	\N	18	5.54025168634152720414931536652147769927978515625	22.27748790544146828551674843765795230865478515625	5.579078739699980360455811023712158203125
142	3	\N	18	9.3171234211269648994857561774551868438720703125	24.490366728668480078567881719209253787994384765625	5.057747769180505059694041847251355648040771484375
143	13	\N	18	9.29679970690515489195604459382593631744384765625	25.47358100771733546707764617167413234710693359375	5.3922604336040595995882540591992437839508056640625
144	8	\N	18	10.98108336589701394814255763776600360870361328125	26.046595706140255543914463487453758716583251953125	5.02183744674774690253116204985417425632476806640625
145	6	\N	18	7.671361495616682901754757040180265903472900390625	24.682460004349895399400338646955788135528564453125	5.67036616957773720315572063555009663105010986328125
146	14	\N	18	10.479150008251313153095907182432711124420166015625	26.488509187400413935620235861279070377349853515625	5.33645305971636663144863632624037563800811767578125
147	1	\N	18	13.595032590173563136204393231309950351715087890625	28.27678431815649418012981186620891094207763671875	4.89391724266097671858233297825790941715240478515625
148	4	\N	18	9.749043786996988814053111127577722072601318359375	24.77595503092783957299616304226219654083251953125	5.008970414643616919647683971561491489410400390625
149	3	\N	19	10.6767295868047114026921917684376239776611328125	25.545387315175208442497023497708141803741455078125	4.956219242790165679934943909756839275360107421875
150	18	\N	19	8.685443549839806820500598405487835407257080078125	29.840719136869932270883509772829711437225341796875	7.05175852901004152073483055573888123035430908203125
151	12	\N	19	7.138645505157651172112309723161160945892333984375	24.02233643385267214398481883108615875244140625	5.62789697623167395335030960268341004848480224609375
152	7	\N	19	6.01781486730381942606982192955911159515380859375	26.460582765933121862644838984124362468719482421875	6.814255966209767478858339018188416957855224609375
153	14	\N	19	9.6633222841511514644707858678884804248809814453125	25.314044409740706242928354186005890369415283203125	5.2169073751965182594858561060391366481781005859375
154	4	\N	19	9.009991334357916770159135921858251094818115234375	23.7411802410776857641394599340856075286865234375	4.91039630223992329405291457078419625759124755859375
155	11	\N	19	4.667194711378474636376267881132662296295166015625	20.993826209482140399131822050549089908599853515625	5.4422104993678885875851847231388092041015625
156	13	\N	19	8.46782410935730212031558039598166942596435546875	24.27442925082801394864873145706951618194580078125	5.26886838049023698005157712032087147235870361328125
157	12	\N	20	6.713651018842721640567106078378856182098388671875	23.22822618611229472662671469151973724365234375	5.504858389089857695353202871046960353851318359375
158	3	\N	20	10.3114726497933464344214371521957218647003173828125	24.92947754543327931742169312201440334320068359375	4.8726682985466442943334186566062271595001220703125
159	5	\N	20	0.9122557443788110731475171633064746856689453125	17.98304631383316376513903378508985042572021484375	5.69026352315145089733050554059445858001708984375
160	11	\N	20	4.2579057507061808252046830602921545505523681640625	20.251241842811051441231029457412660121917724609375	5.3311120307016235386754487990401685237884521484375
161	4	\N	20	9.85821826310979787422184017486870288848876953125	24.345757021624489624400666798464953899383544921875	4.82917958617156362066680230782367289066314697265625
162	1	\N	20	14.4367232793733766271770946332253515720367431640625	28.877311211487413089571418822742998600006103515625	4.8135293107046788207981080631725490093231201171875
163	14	\N	20	10.638747744808132011939960648305714130401611328125	25.996430813910574642022766056470572948455810546875	5.11922768970081421002760180272161960601806640625
164	13	\N	20	9.46588680119646852517689694650471210479736328125	24.97047316175072495525455451570451259613037109375	5.16819545351808518063307928969152271747589111328125
165	12	\N	21	6.716765552136582329012526315636932849884033203125	23.186774835010385942268840153701603412628173828125	5.490003094291267871085437946021556854248046875
166	5	\N	21	0.9174512275679944650619290769100189208984375	17.938756406783536334614836960099637508392333984375	5.67376839307184699379149606102146208286285400390625
167	11	\N	21	4.25926901489376774634365574456751346588134765625	20.2123652140230234408591059036552906036376953125	5.31769873304308493544567681965418159961700439453125
168	14	\N	21	10.709918931263072039428152493201196193695068359375	26.032279301332426513226891984231770038604736328125	5.10745345668978512065905306371860206127166748046875
169	3	\N	21	10.3740274416220739084337765234522521495819091796875	24.961956914027187082183445454575121402740478515625	4.8626431574683710579165563103742897510528564453125
170	13	\N	21	9.538849096279317762991922791115939617156982421875	25.0070105611740842732615419663488864898681640625	5.15605382163158854069706649170257151126861572265625
171	1	\N	21	14.49730921955269735690308152697980403900146484375	28.909007197181157522436478757299482822418212890625	4.80389932587615309245165917673148214817047119140625
172	14	\N	22	12.64430296509801365800740313716232776641845703125	27.575031908668098168391225044615566730499267578125	4.97690964785669454073513406910933554172515869140625
173	4	\N	22	11.567645846972393286478109075687825679779052734375	25.725022512158947307625567191280424594879150390625	4.71912555506218467371581937186419963836669921875
174	12	\N	22	8.987216340145192106092508765868842601776123046875	24.969223722332085202424423187039792537689208984375	5.32733579406229740271783157368190586566925048828125
175	11	\N	22	6.3744500975549609478321144706569612026214599609375	21.88471051150145285646431148052215576171875	5.1700868046488306362107323366217315196990966796875
176	13	\N	22	8.369699313401159912473303847946226596832275390625	23.434765753222368545038989395834505558013916015625	5.02168881327373650691470174933783710002899169921875
177	7	\N	22	4.215028333833796381213687709532678127288818359375	23.714752507055255392742765252478420734405517578125	6.4999080577404857450574127142317593097686767578125
178	6	\N	22	6.308390317761602972268519806675612926483154296875	22.780997117415072494850392104126513004302978515625	5.49086893321782287813448419910855591297149658203125
179	8	\N	22	9.8615765144134446273938010563142597675323486328125	24.555118123985071321158102364279329776763916015625	4.8978472031905422312547671026550233364105224609375
180	14	1	22	3.02118071096376894502100185491144657135009765625	27.197915846495750002986824256367981433868408203125	8.058911711843993685988607467152178287506103515625
181	4	1	22	3.02118071096376894502100185491144657135009765625	27.197915846495750002986824256367981433868408203125	8.058911711843993685988607467152178287506103515625
182	12	1	22	3.02118071096376894502100185491144657135009765625	27.197915846495750002986824256367981433868408203125	8.058911711843993685988607467152178287506103515625
183	11	1	22	3.02118071096376894502100185491144657135009765625	27.197915846495750002986824256367981433868408203125	8.058911711843993685988607467152178287506103515625
184	13	1	22	-1.374650982027741719093683059327304363250732421875	22.802084153504239338872139342129230499267578125	8.058911711843993685988607467152178287506103515625
185	7	1	22	-1.374650982027741719093683059327304363250732421875	22.802084153504239338872139342129230499267578125	8.058911711843993685988607467152178287506103515625
186	6	1	22	-1.374650982027741719093683059327304363250732421875	22.802084153504239338872139342129230499267578125	8.058911711843993685988607467152178287506103515625
187	8	1	22	-1.374650982027741719093683059327304363250732421875	22.802084153504239338872139342129230499267578125	8.058911711843993685988607467152178287506103515625
\.


--
-- Data for Name: seasons; Type: TABLE DATA; Schema: public; Owner: rklvuyqrechuta
--

COPY seasons (id, name, start_time, end_time, max_time, max_matches, running, played_matches) FROM stdin;
1	Jisk the King	2018-03-28 15:46:50.313165+00	\N	\N	\N	t	1
\.


--
-- Data for Name: seasons_matches; Type: TABLE DATA; Schema: public; Owner: rklvuyqrechuta
--

COPY seasons_matches (id, season_id, match_id) FROM stdin;
1	1	22
\.


--
-- Data for Name: statistics; Type: TABLE DATA; Schema: public; Owner: rklvuyqrechuta
--

COPY statistics (id, match_id, user_id, score, tags, popped, grabs, drops, hold, captures, prevent, returns, support, pups) FROM stdin;
1	1	12	55	9	13	11	10	00:02:00	1	00:00:26	2	62	6
2	1	13	39	17	14	9	9	00:00:33	0	00:01:10	16	40	3
3	1	14	28	17	15	12	12	00:01:06	0	00:01:02	9	30	1
4	1	5	17	11	20	15	15	00:01:18	0	00:00:16	8	26	1
5	1	3	48	17	16	9	8	00:01:34	1	00:00:58	12	49	1
6	1	8	40	16	15	9	7	00:00:39	1	00:01:07	16	25	0
7	1	1	38	17	15	9	9	00:00:37	0	00:01:41	16	31	2
8	1	9	34	6	17	14	13	00:02:35	1	00:00:19	2	20	2
9	2	3	52	17	10	10	9	00:01:31	1	00:00:29	14	26	3
10	2	13	41	21	8	5	5	00:01:02	0	00:01:26	18	21	2
11	2	14	36	9	13	9	8	00:01:12	1	00:00:44	9	25	0
12	2	11	22	6	12	10	10	00:01:17	0	00:01:11	6	36	0
13	2	1	18	5	15	10	10	00:01:43	0	00:00:19	5	25	2
14	2	12	34	4	11	11	10	00:01:23	1	00:00:16	3	22	2
15	2	4	27	15	11	11	11	00:01:54	0	00:00:04	9	34	2
16	2	5	26	13	12	9	9	00:00:53	0	00:00:16	11	45	2
17	2	9	24	11	15	12	12	00:01:16	0	00:00:39	11	34	1
18	2	8	21	13	13	11	11	00:00:46	0	00:00:32	9	11	2
19	3	14	41	10	12	9	9	00:00:49	0	00:00:53	8	45	2
20	3	13	39	14	9	4	3	00:00:22	1	00:00:56	12	22	0
21	3	3	33	6	14	11	10	00:01:52	1	00:00:14	4	18	2
22	3	12	32	6	9	6	4	00:00:42	2	00:00:18	5	16	1
23	3	1	58	14	11	10	9	00:01:19	1	00:00:54	8	16	5
24	3	5	33	13	14	11	10	00:00:47	1	00:00:09	4	32	2
25	3	8	32	6	9	8	6	00:00:34	2	00:00:37	6	23	0
26	3	11	32	7	7	7	6	00:01:06	1	00:01:01	6	12	0
27	4	11	37	6	7	5	4	00:00:27	1	00:00:19	6	7	1
28	4	1	34	5	7	6	5	00:00:49	1	00:00:25	4	11	0
29	4	8	28	5	9	7	7	00:00:39	0	00:00:23	2	17	1
30	4	4	28	8	9	6	6	00:00:52	0	00:00:06	6	8	1
31	4	5	60	6	10	8	5	00:00:46	3	00:00:09	4	20	2
32	4	14	45	8	7	6	5	00:01:02	1	00:00:08	8	13	1
33	4	13	40	7	7	4	3	00:00:26	1	00:00:17	5	15	1
34	4	20	28	6	6	5	5	00:00:29	0	00:00:22	4	21	0
35	5	8	58	23	14	13	11	00:01:24	2	00:01:04	14	35	4
36	5	1	55	13	19	16	14	00:02:43	2	00:00:49	12	38	4
37	5	3	33	15	12	11	11	00:01:33	0	00:00:30	12	47	3
38	5	4	29	15	13	11	11	00:00:51	0	00:00:29	10	48	3
39	5	5	41	9	14	13	11	00:01:20	2	00:00:43	7	22	3
40	5	13	33	23	18	8	8	00:00:35	0	00:00:49	19	24	3
41	5	14	27	9	24	15	15	00:02:33	0	00:00:43	9	29	3
42	5	12	25	11	19	15	15	00:01:22	0	00:00:22	11	30	4
43	6	13	55	20	9	6	5	00:00:15	1	00:01:03	16	20	2
44	6	5	52	7	14	13	11	00:01:32	2	00:00:22	7	34	4
45	6	12	46	5	10	10	8	00:02:00	2	00:00:13	3	16	4
46	6	14	23	8	14	12	12	00:01:20	0	00:00:27	8	29	0
47	6	8	35	15	11	8	8	00:01:08	0	00:00:26	11	26	2
48	6	3	33	9	11	8	8	00:01:13	0	00:00:16	9	47	2
49	6	4	30	9	12	9	9	00:01:18	0	00:00:16	9	24	3
50	6	1	28	7	14	11	10	00:01:08	1	00:00:22	7	16	1
51	7	1	66	16	5	6	5	00:00:50	1	00:00:26	13	21	3
52	7	3	56	7	5	6	4	00:01:52	2	00:00:42	6	19	0
53	7	4	55	6	7	7	6	00:01:28	1	00:01:00	5	18	2
54	7	8	33	8	7	6	5	00:00:38	1	00:00:33	7	9	0
55	7	14	32	8	10	9	9	00:01:32	0	00:00:02	6	24	2
56	7	5	23	7	13	8	7	00:00:25	1	00:00:04	6	12	1
57	7	13	22	7	8	8	8	00:00:44	0	00:00:04	7	17	1
58	7	12	12	1	8	7	7	00:00:44	0	00:00:05	1	18	1
59	8	4	70	17	13	14	10	00:01:58	3	00:01:13	14	43	4
60	8	8	35	21	16	11	11	00:02:14	0	00:00:40	10	32	4
61	8	20	29	16	14	10	10	00:01:19	0	00:01:09	10	32	1
62	8	7	23	10	22	15	15	00:01:29	0	00:00:54	7	28	3
63	8	13	50	25	16	5	4	00:00:34	1	00:00:36	21	41	6
64	8	21	34	11	23	15	14	00:02:01	1	00:00:24	8	51	3
65	8	3	32	14	12	10	10	00:02:04	0	00:00:11	11	36	5
66	8	1	27	8	18	15	13	00:01:41	1	00:00:24	6	42	1
67	9	3	46	20	13	10	10	00:01:32	0	00:00:51	17	25	4
68	9	8	41	10	13	13	12	00:02:21	1	00:00:37	7	28	3
69	9	6	29	8	14	12	10	00:01:25	1	00:00:08	6	46	1
70	9	1	25	11	12	11	11	00:01:53	0	00:00:25	11	22	1
71	9	4	58	11	13	13	10	00:01:59	3	00:00:24	10	32	3
72	9	13	46	14	12	10	9	00:02:12	1	00:00:49	12	14	3
73	9	14	33	13	17	13	13	00:01:36	0	00:00:34	13	44	2
74	9	12	21	7	14	12	11	00:01:30	0	00:00:21	7	34	1
75	10	11	34	8	12	10	9	00:01:06	1	00:00:06	5	30	3
76	10	14	29	7	19	15	15	00:02:29	0	00:00:06	5	56	4
77	10	4	28	4	15	14	12	00:02:41	1	00:00:22	4	14	0
78	10	13	26	13	16	8	8	00:01:37	0	00:00:30	9	25	1
79	10	1	66	19	8	6	5	00:01:07	1	00:00:50	16	45	3
80	10	3	52	12	7	5	4	00:03:16	1	00:00:32	8	40	1
81	10	6	50	16	8	7	6	00:02:06	0	00:00:31	11	24	6
82	10	12	16	7	11	10	10	00:01:59	0	00:00:10	7	19	0
83	11	8	40	13	11	9	8	00:01:29	1	00:00:25	7	12	3
84	11	10	38	8	8	6	5	00:01:16	1	00:00:29	8	27	1
85	11	4	25	11	17	11	11	00:01:00	0	00:00:08	11	36	2
86	11	14	22	7	15	10	10	00:00:57	0	00:00:14	7	32	2
87	11	6	48	9	9	10	8	00:01:14	2	00:00:17	8	43	2
88	11	1	46	15	11	10	8	00:00:46	2	00:00:27	12	19	1
89	11	3	45	12	12	10	9	00:01:17	1	00:00:33	9	28	3
90	11	12	36	13	10	8	8	00:01:45	0	00:00:14	5	32	4
91	12	4	59	14	16	12	10	00:01:30	2	00:00:42	10	36	4
92	12	8	57	20	7	8	7	00:00:46	1	00:01:17	17	25	2
93	12	1	48	8	10	10	8	00:01:17	2	00:00:21	6	33	3
94	12	14	20	10	15	10	10	00:01:34	0	00:00:16	7	24	1
95	12	7	38	19	12	10	10	00:01:11	0	00:00:59	16	23	1
96	12	11	33	9	12	9	9	00:00:47	0	00:00:48	7	40	4
97	12	12	32	11	14	13	13	00:01:33	0	00:00:04	7	42	5
98	12	6	12	6	19	10	10	00:01:04	0	00:00:02	4	37	1
99	13	1	44	14	13	12	9	00:01:09	3	00:00:56	14	48	1
100	13	3	37	26	13	9	8	00:01:28	0	00:01:29	18	27	3
101	13	11	24	11	22	14	14	00:01:10	0	00:00:50	10	18	6
102	13	4	24	14	16	10	10	00:01:01	0	00:00:44	12	49	3
103	13	5	17	6	23	16	15	00:01:10	1	00:00:14	3	58	1
104	13	8	42	19	14	12	11	00:01:07	1	00:01:19	15	68	4
105	13	12	41	18	12	10	8	00:00:58	2	00:00:31	9	69	4
106	13	7	36	17	18	13	12	00:01:10	1	00:01:01	14	66	3
107	13	14	18	11	20	15	15	00:02:09	0	00:00:34	9	27	1
108	13	6	17	10	16	13	12	00:00:59	0	00:00:31	8	53	1
109	14	18	40	15	15	14	13	00:01:54	1	00:00:36	12	15	4
110	14	11	35	13	11	10	9	00:00:55	1	00:00:42	10	36	1
111	14	4	24	9	16	13	13	00:01:23	0	00:00:21	5	34	4
112	14	8	18	8	13	12	12	00:01:45	0	00:00:18	8	19	1
113	14	13	79	14	5	8	5	00:01:56	3	00:01:26	13	41	6
114	14	1	38	12	12	10	9	00:01:07	1	00:00:46	9	22	4
115	14	14	36	13	17	11	10	00:01:29	1	00:00:39	13	40	1
116	14	3	30	13	13	11	11	00:01:52	0	00:00:18	12	31	3
117	15	6	54	10	8	7	6	00:01:47	1	00:00:40	10	17	2
118	15	4	50	8	11	10	7	00:01:12	3	00:00:09	6	13	1
119	15	18	46	9	8	7	6	00:01:13	1	00:00:46	5	12	3
120	15	1	38	18	11	4	4	00:00:32	0	00:00:28	9	8	4
121	15	11	36	6	11	10	9	00:01:01	1	00:00:14	3	14	4
122	15	3	32	11	8	5	5	00:00:51	0	00:00:38	10	7	1
123	15	8	27	7	14	10	10	00:00:58	0	00:00:27	5	26	1
124	15	5	17	8	14	6	6	00:00:44	0	00:00:17	2	11	2
125	16	6	23	12	14	5	5	00:00:41	0	00:00:09	11	8	1
126	16	11	22	6	9	3	3	00:00:56	0	00:00:13	6	2	3
127	16	5	18	5	12	9	9	00:01:19	0	00:00:03	5	11	2
128	16	3	14	4	12	8	8	00:01:25	0	00:00:03	4	18	0
129	16	4	64	8	8	9	7	00:01:48	2	00:00:32	5	18	4
130	16	8	63	11	7	8	7	00:01:15	1	00:00:48	7	27	4
131	16	1	49	7	12	7	6	00:00:57	1	00:00:30	7	39	2
132	16	18	47	11	7	7	6	00:01:31	1	00:00:29	6	13	2
133	17	1	45	18	14	10	10	00:01:42	0	00:01:01	17	20	4
134	17	3	36	15	13	10	10	00:02:26	0	00:00:53	12	28	1
135	17	13	25	9	18	16	16	00:01:25	0	00:00:10	6	29	4
136	17	5	22	9	16	13	13	00:01:38	0	00:00:15	9	37	1
137	17	4	75	10	15	17	14	00:02:54	2	00:00:13	6	18	2
138	17	8	38	15	14	10	10	00:01:23	0	00:00:26	11	30	5
139	17	11	32	16	14	9	9	00:01:10	0	00:00:52	15	21	1
140	17	6	26	16	14	12	12	00:01:59	0	00:00:20	16	23	0
141	18	11	46	13	11	11	9	00:01:15	2	00:00:40	13	27	3
142	18	3	42	9	15	14	13	00:03:21	1	00:00:27	8	35	5
143	18	13	40	23	14	11	11	00:00:57	0	00:01:01	12	34	6
144	18	8	31	14	14	9	9	00:01:15	0	00:01:22	14	22	2
145	18	6	45	12	13	13	12	00:02:20	1	00:00:47	8	42	5
146	18	14	44	17	18	15	13	00:01:38	2	00:00:31	14	36	1
147	18	1	35	15	16	11	10	00:01:11	0	00:01:29	14	23	4
148	18	4	17	7	18	14	14	00:01:51	0	00:00:33	5	32	1
149	19	3	45	16	12	12	11	00:01:51	1	00:01:03	15	33	3
150	19	18	38	16	15	15	13	00:02:26	1	00:00:16	14	21	4
151	19	12	36	4	14	13	11	00:01:26	2	00:00:33	3	34	4
152	19	7	33	17	18	13	13	00:01:40	0	00:00:49	15	47	2
153	19	14	42	23	20	19	19	00:02:20	0	00:00:25	19	67	4
154	19	4	41	10	11	11	9	00:01:31	2	00:00:17	8	37	4
155	19	11	37	9	14	13	11	00:02:15	1	00:00:42	9	25	4
156	19	13	29	14	13	9	9	00:00:50	0	00:00:55	12	40	2
157	20	12	57	17	14	13	10	00:01:46	2	00:00:23	15	44	4
158	20	3	33	19	14	11	11	00:02:05	0	00:00:29	16	27	2
159	20	5	23	13	13	12	12	00:00:46	0	00:00:21	6	22	5
160	20	11	22	8	17	15	15	00:02:22	0	00:00:28	8	23	2
161	20	4	52	9	14	12	10	00:02:09	2	00:00:41	8	24	5
162	20	1	44	23	15	10	9	00:00:48	0	00:00:51	21	54	3
163	20	14	39	10	17	16	15	00:02:45	1	00:00:25	8	22	5
164	20	13	29	11	17	11	11	00:01:52	0	00:00:37	10	55	1
165	21	12	28	3	7	7	7	00:00:22	0	00:00:04	3	13	3
166	21	5	23	6	5	5	5	00:00:31	0	00:00:03	3	8	1
167	21	11	17	1	4	3	2	00:00:26	1	00:00:08	1	4	0
168	21	14	72	5	2	4	2	00:01:21	2	00:00:32	5	11	1
169	21	3	65	8	5	4	3	00:00:36	1	00:00:26	7	11	3
170	21	13	57	9	2	2	2	00:00:09	0	00:00:48	9	20	0
171	21	1	23	0	6	5	3	00:00:36	2	00:00:03	0	7	0
172	22	14	53	15	12	8	7	00:01:24	1	00:00:37	15	35	7
173	22	4	49	16	12	8	7	00:02:13	1	00:00:54	15	25	2
174	22	12	37	14	15	13	11	00:02:23	1	00:00:10	7	25	4
175	22	11	29	12	16	10	10	00:01:40	0	00:00:51	5	41	2
176	22	13	42	15	13	12	11	00:01:04	1	00:00:29	10	60	2
177	22	7	34	11	15	9	8	00:01:15	1	00:00:32	9	29	2
178	22	6	34	14	15	14	13	00:03:07	0	00:00:20	8	30	5
179	22	8	20	12	18	10	10	00:01:51	0	00:00:15	8	17	3
\.


--
-- Data for Name: statistics_pending; Type: TABLE DATA; Schema: public; Owner: rklvuyqrechuta
--

COPY statistics_pending (id, match_id, user_pseudo, score, tags, popped, grabs, drops, hold, captures, prevent, returns, support, pups) FROM stdin;
\.


--
-- Data for Name: users; Type: TABLE DATA; Schema: public; Owner: rklvuyqrechuta
--

COPY users (id, trigram, pseudo, is_active, usual_pseudos, is_admin, password, gold_stars, silver_stars, bronze_stars, loser_stars) FROM stdin;
1	yap	Yapus	t	\N	t	$2a$06$YI2ZQ0Xlug9ZHV5P7zH2PuGvqZDCP2ONtbkkiDw6jPBTP1rNkPsIi	0	0	0	0
2	frm	Covfefe	t	\N	t	$2a$06$gHsmzrOmtP9UfOcZv1VaZeGAKTHYQxNBdNpjsYY1rWstzfilpXeFG	0	0	0	0
3	vis	cousinVic	t	\N	t	$2a$06$SWbd7eQyHZBW5pEu8/ceZelTU8QKZm.eGND2xu/bbVd5VyvdosHbO	0	0	0	0
4	pim	Pro	t	\N	f	\N	0	0	0	0
8	bar	Tente	t	\N	f	\N	0	0	0	0
12	clb	DataArtist	t	\N	f	\N	0	0	0	0
14	wat	JiSK	t	\N	f	\N	0	0	0	0
15	baa	Batamanq	t	\N	f	\N	0	0	0	0
16	abd	Nulos	t	\N	f	\N	0	0	0	0
17	cea	Moules	t	\N	f	\N	0	0	0	0
18	hes	Ancestro	t	\N	f	\N	0	0	0	0
19	arf	Bogoss	t	\N	f	\N	0	0	0	0
13	jec	The BouBoule	t	\N	f	\N	0	0	0	0
5	mav	/MuteAll	t	\N	f	\N	0	0	0	0
9	iss	ekisomox	t	\N	f	\N	0	0	0	0
11	mad	Fonky Numa	t	\N	f	\N	0	0	0	0
20	tob	MrToustous	t	\N	f	\N	0	0	0	0
7	gub	Souillon	t	{El-Soyador}	f	\N	0	0	0	0
21	bab	EkiLouly	t	\N	f	\N	0	0	0	0
6	yob	Roxxor	t	{KATAKURI,BallInsoumis}	f	\N	0	0	0	0
10	sal	Ticket Resto	t	{Ballsdeep}	f	\N	0	0	0	0
\.


--
-- Name: matches_id_seq; Type: SEQUENCE SET; Schema: public; Owner: rklvuyqrechuta
--

SELECT pg_catalog.setval('matches_id_seq', 22, true);


--
-- Name: matches_pending_id_seq; Type: SEQUENCE SET; Schema: public; Owner: rklvuyqrechuta
--

SELECT pg_catalog.setval('matches_pending_id_seq', 22, true);


--
-- Name: musigma_team_id_seq; Type: SEQUENCE SET; Schema: public; Owner: rklvuyqrechuta
--

SELECT pg_catalog.setval('musigma_team_id_seq', 187, true);


--
-- Name: seasons_id_seq; Type: SEQUENCE SET; Schema: public; Owner: rklvuyqrechuta
--

SELECT pg_catalog.setval('seasons_id_seq', 1, true);


--
-- Name: seasons_matches_id_seq; Type: SEQUENCE SET; Schema: public; Owner: rklvuyqrechuta
--

SELECT pg_catalog.setval('seasons_matches_id_seq', 1, true);


--
-- Name: statistics_id_seq; Type: SEQUENCE SET; Schema: public; Owner: rklvuyqrechuta
--

SELECT pg_catalog.setval('statistics_id_seq', 179, true);


--
-- Name: statistics_pending_id_seq; Type: SEQUENCE SET; Schema: public; Owner: rklvuyqrechuta
--

SELECT pg_catalog.setval('statistics_pending_id_seq', 179, true);


--
-- Name: users_id_seq; Type: SEQUENCE SET; Schema: public; Owner: rklvuyqrechuta
--

SELECT pg_catalog.setval('users_id_seq', 21, true);


--
-- Name: matches_pending matches_pending_pkey; Type: CONSTRAINT; Schema: public; Owner: rklvuyqrechuta
--

ALTER TABLE ONLY matches_pending
    ADD CONSTRAINT matches_pending_pkey PRIMARY KEY (id);


--
-- Name: matches matches_pkey; Type: CONSTRAINT; Schema: public; Owner: rklvuyqrechuta
--

ALTER TABLE ONLY matches
    ADD CONSTRAINT matches_pkey PRIMARY KEY (id);


--
-- Name: musigma_team musigma_team_pkey; Type: CONSTRAINT; Schema: public; Owner: rklvuyqrechuta
--

ALTER TABLE ONLY musigma_team
    ADD CONSTRAINT musigma_team_pkey PRIMARY KEY (id);


--
-- Name: musigma_team musigma_team_user_id_season_id_match_id_key; Type: CONSTRAINT; Schema: public; Owner: rklvuyqrechuta
--

ALTER TABLE ONLY musigma_team
    ADD CONSTRAINT musigma_team_user_id_season_id_match_id_key UNIQUE (user_id, season_id, match_id);


--
-- Name: seasons_matches seasons_matches_pkey; Type: CONSTRAINT; Schema: public; Owner: rklvuyqrechuta
--

ALTER TABLE ONLY seasons_matches
    ADD CONSTRAINT seasons_matches_pkey PRIMARY KEY (id);


--
-- Name: seasons_matches seasons_matches_season_id_match_id_key; Type: CONSTRAINT; Schema: public; Owner: rklvuyqrechuta
--

ALTER TABLE ONLY seasons_matches
    ADD CONSTRAINT seasons_matches_season_id_match_id_key UNIQUE (season_id, match_id);


--
-- Name: seasons seasons_name_key; Type: CONSTRAINT; Schema: public; Owner: rklvuyqrechuta
--

ALTER TABLE ONLY seasons
    ADD CONSTRAINT seasons_name_key UNIQUE (name);


--
-- Name: seasons seasons_pkey; Type: CONSTRAINT; Schema: public; Owner: rklvuyqrechuta
--

ALTER TABLE ONLY seasons
    ADD CONSTRAINT seasons_pkey PRIMARY KEY (id);


--
-- Name: statistics statistics_match_id_user_id_key; Type: CONSTRAINT; Schema: public; Owner: rklvuyqrechuta
--

ALTER TABLE ONLY statistics
    ADD CONSTRAINT statistics_match_id_user_id_key UNIQUE (match_id, user_id);


--
-- Name: statistics_pending statistics_pending_match_id_user_pseudo_key; Type: CONSTRAINT; Schema: public; Owner: rklvuyqrechuta
--

ALTER TABLE ONLY statistics_pending
    ADD CONSTRAINT statistics_pending_match_id_user_pseudo_key UNIQUE (match_id, user_pseudo);


--
-- Name: statistics_pending statistics_pending_pkey; Type: CONSTRAINT; Schema: public; Owner: rklvuyqrechuta
--

ALTER TABLE ONLY statistics_pending
    ADD CONSTRAINT statistics_pending_pkey PRIMARY KEY (id);


--
-- Name: statistics statistics_pkey; Type: CONSTRAINT; Schema: public; Owner: rklvuyqrechuta
--

ALTER TABLE ONLY statistics
    ADD CONSTRAINT statistics_pkey PRIMARY KEY (id);


--
-- Name: users users_pkey; Type: CONSTRAINT; Schema: public; Owner: rklvuyqrechuta
--

ALTER TABLE ONLY users
    ADD CONSTRAINT users_pkey PRIMARY KEY (id);


--
-- Name: users users_pseudo_key; Type: CONSTRAINT; Schema: public; Owner: rklvuyqrechuta
--

ALTER TABLE ONLY users
    ADD CONSTRAINT users_pseudo_key UNIQUE (pseudo);


--
-- Name: users users_trigram_key; Type: CONSTRAINT; Schema: public; Owner: rklvuyqrechuta
--

ALTER TABLE ONLY users
    ADD CONSTRAINT users_trigram_key UNIQUE (trigram);


--
-- Name: musigma_team_global_uni_idx; Type: INDEX; Schema: public; Owner: rklvuyqrechuta
--

CREATE UNIQUE INDEX musigma_team_global_uni_idx ON musigma_team USING btree (user_id, match_id) WHERE (season_id IS NULL);


--
-- Name: matches matches_b1_id_fkey; Type: FK CONSTRAINT; Schema: public; Owner: rklvuyqrechuta
--

ALTER TABLE ONLY matches
    ADD CONSTRAINT matches_b1_id_fkey FOREIGN KEY (b1_id) REFERENCES users(id) ON DELETE RESTRICT;


--
-- Name: matches matches_b2_id_fkey; Type: FK CONSTRAINT; Schema: public; Owner: rklvuyqrechuta
--

ALTER TABLE ONLY matches
    ADD CONSTRAINT matches_b2_id_fkey FOREIGN KEY (b2_id) REFERENCES users(id) ON DELETE RESTRICT;


--
-- Name: matches matches_b3_id_fkey; Type: FK CONSTRAINT; Schema: public; Owner: rklvuyqrechuta
--

ALTER TABLE ONLY matches
    ADD CONSTRAINT matches_b3_id_fkey FOREIGN KEY (b3_id) REFERENCES users(id) ON DELETE RESTRICT;


--
-- Name: matches matches_b4_id_fkey; Type: FK CONSTRAINT; Schema: public; Owner: rklvuyqrechuta
--

ALTER TABLE ONLY matches
    ADD CONSTRAINT matches_b4_id_fkey FOREIGN KEY (b4_id) REFERENCES users(id) ON DELETE RESTRICT;


--
-- Name: matches matches_b5_id_fkey; Type: FK CONSTRAINT; Schema: public; Owner: rklvuyqrechuta
--

ALTER TABLE ONLY matches
    ADD CONSTRAINT matches_b5_id_fkey FOREIGN KEY (b5_id) REFERENCES users(id) ON DELETE RESTRICT;


--
-- Name: matches matches_b6_id_fkey; Type: FK CONSTRAINT; Schema: public; Owner: rklvuyqrechuta
--

ALTER TABLE ONLY matches
    ADD CONSTRAINT matches_b6_id_fkey FOREIGN KEY (b6_id) REFERENCES users(id) ON DELETE RESTRICT;


--
-- Name: matches matches_r1_id_fkey; Type: FK CONSTRAINT; Schema: public; Owner: rklvuyqrechuta
--

ALTER TABLE ONLY matches
    ADD CONSTRAINT matches_r1_id_fkey FOREIGN KEY (r1_id) REFERENCES users(id) ON DELETE RESTRICT;


--
-- Name: matches matches_r2_id_fkey; Type: FK CONSTRAINT; Schema: public; Owner: rklvuyqrechuta
--

ALTER TABLE ONLY matches
    ADD CONSTRAINT matches_r2_id_fkey FOREIGN KEY (r2_id) REFERENCES users(id) ON DELETE RESTRICT;


--
-- Name: matches matches_r3_id_fkey; Type: FK CONSTRAINT; Schema: public; Owner: rklvuyqrechuta
--

ALTER TABLE ONLY matches
    ADD CONSTRAINT matches_r3_id_fkey FOREIGN KEY (r3_id) REFERENCES users(id) ON DELETE RESTRICT;


--
-- Name: matches matches_r4_id_fkey; Type: FK CONSTRAINT; Schema: public; Owner: rklvuyqrechuta
--

ALTER TABLE ONLY matches
    ADD CONSTRAINT matches_r4_id_fkey FOREIGN KEY (r4_id) REFERENCES users(id) ON DELETE RESTRICT;


--
-- Name: matches matches_r5_id_fkey; Type: FK CONSTRAINT; Schema: public; Owner: rklvuyqrechuta
--

ALTER TABLE ONLY matches
    ADD CONSTRAINT matches_r5_id_fkey FOREIGN KEY (r5_id) REFERENCES users(id) ON DELETE RESTRICT;


--
-- Name: matches matches_r6_id_fkey; Type: FK CONSTRAINT; Schema: public; Owner: rklvuyqrechuta
--

ALTER TABLE ONLY matches
    ADD CONSTRAINT matches_r6_id_fkey FOREIGN KEY (r6_id) REFERENCES users(id) ON DELETE RESTRICT;


--
-- Name: matches matches_validated_by_fkey; Type: FK CONSTRAINT; Schema: public; Owner: rklvuyqrechuta
--

ALTER TABLE ONLY matches
    ADD CONSTRAINT matches_validated_by_fkey FOREIGN KEY (validated_by) REFERENCES users(id);


--
-- Name: musigma_team musigma_team_match_id_fkey; Type: FK CONSTRAINT; Schema: public; Owner: rklvuyqrechuta
--

ALTER TABLE ONLY musigma_team
    ADD CONSTRAINT musigma_team_match_id_fkey FOREIGN KEY (match_id) REFERENCES matches(id) ON DELETE CASCADE;


--
-- Name: musigma_team musigma_team_season_id_fkey; Type: FK CONSTRAINT; Schema: public; Owner: rklvuyqrechuta
--

ALTER TABLE ONLY musigma_team
    ADD CONSTRAINT musigma_team_season_id_fkey FOREIGN KEY (season_id) REFERENCES seasons(id) ON DELETE CASCADE;


--
-- Name: musigma_team musigma_team_user_id_fkey; Type: FK CONSTRAINT; Schema: public; Owner: rklvuyqrechuta
--

ALTER TABLE ONLY musigma_team
    ADD CONSTRAINT musigma_team_user_id_fkey FOREIGN KEY (user_id) REFERENCES users(id) ON DELETE CASCADE;


--
-- Name: seasons_matches seasons_matches_match_id_fkey; Type: FK CONSTRAINT; Schema: public; Owner: rklvuyqrechuta
--

ALTER TABLE ONLY seasons_matches
    ADD CONSTRAINT seasons_matches_match_id_fkey FOREIGN KEY (match_id) REFERENCES matches(id) ON DELETE CASCADE;


--
-- Name: seasons_matches seasons_matches_season_id_fkey; Type: FK CONSTRAINT; Schema: public; Owner: rklvuyqrechuta
--

ALTER TABLE ONLY seasons_matches
    ADD CONSTRAINT seasons_matches_season_id_fkey FOREIGN KEY (season_id) REFERENCES seasons(id) ON DELETE CASCADE;


--
-- Name: statistics statistics_match_id_fkey; Type: FK CONSTRAINT; Schema: public; Owner: rklvuyqrechuta
--

ALTER TABLE ONLY statistics
    ADD CONSTRAINT statistics_match_id_fkey FOREIGN KEY (match_id) REFERENCES matches(id) ON DELETE CASCADE;


--
-- Name: statistics_pending statistics_pending_match_id_fkey; Type: FK CONSTRAINT; Schema: public; Owner: rklvuyqrechuta
--

ALTER TABLE ONLY statistics_pending
    ADD CONSTRAINT statistics_pending_match_id_fkey FOREIGN KEY (match_id) REFERENCES matches_pending(id) ON DELETE CASCADE;


--
-- Name: statistics statistics_user_id_fkey; Type: FK CONSTRAINT; Schema: public; Owner: rklvuyqrechuta
--

ALTER TABLE ONLY statistics
    ADD CONSTRAINT statistics_user_id_fkey FOREIGN KEY (user_id) REFERENCES users(id) ON DELETE CASCADE;


--
-- Name: LANGUAGE plpgsql; Type: ACL; Schema: -; Owner: postgres
--

GRANT ALL ON LANGUAGE plpgsql TO rklvuyqrechuta;


--
-- PostgreSQL database dump complete
--

